<?xml version="1.0" encoding="utf-8"?>
<!DOCTYPE install SYSTEM "http://www.jfusion.org/xml/dtd/1.5/plugin-install.dtd">
<install type="jfusion" version="1.5.0">
	<name>mediawiki</name>
	<creationDate>June 2008</creationDate>
	<author>JFusion Development Team</author>
	<authorEmail>webmaster@jfusion.org</authorEmail>
	<authorUrl>www.jfusion.org</authorUrl>
	<copyright>Copyright (C) 2008 JFusion. All rights reserved.</copyright>
	<license>http://www.gnu.org/licenses/gpl-2.0.html GNU/GPL</license>
	<version>1.8.3-004</version>
    <revision>7f0e4f738f1bd5b0d162e8b62043202469d64a69</revision>
    <timestamp>1364122356</timestamp>
	<description>mediawiki plugin for JFusion</description>
    <update>http://update.jfusion.org/jfusion/joomla/</update>
	<master>0</master>
	<slave>0</slave>
	<dual_login>0</dual_login>
	<check_encryption>0</check_encryption>
	
	<files>
		<filename>admin.php</filename>
		<filename>auth.php</filename>
		<filename>index.html</filename>
		<filename>jfusion.xml</filename>
		<filename>forum.php</filename>
		<filename>helper.php</filename>
		<filename>public.php</filename>
		<filename>user.php</filename>
		<filename>activity.xml</filename>
	</files>
	
	<params addpath="/administrator/components/com_jfusion/elements">
		<param name="jfusionbox" type="text" default="" label="PLUGIN_GENERAL_DETAILS" description="" />
		<param name="description" type="text" size="60" default="mediawiki" description="DESCRIPTION" label="DESCRIPTION_DESC"/>
        <param name="source_url" type="text" size="60" label="SOURCE_URL" default="http://www.yourdomain.com/mediawiki/" description="SOURCE_URL_DESC" />
        <param name="source_path" type="text" size="60" label="SOURCE_PATH" default="" description="SOURCE_PATH_DESC" />

        <param name="jfusionbox" type="text" default="" label="DATABASE_OPTIONS" description="" />
        <param name="database_type" type="text" size="20" label="DATABASE_TYPE" default="mysql" description="DATABASE_TYPE_DESC" />
        <param name="database_host" type="text" size="20" label="DATABASE_HOST" default="" description="DATABASE_HOST_DESC" />
        <param name="database_name" type="text" size="20" label="DATABASE_NAME" default="" description="DATABASE_NAME_DESC" />
        <param name="database_user" type="text" size="20" label="DATABASE_USER" default="" description="DATABASE_USER_DESC" />
        <param name="database_password" type="password" size="20" label="DATABASE_PASSWORD" default="" description="DATABASE_PASSWORD_DESC" />
        <param name="database_prefix" type="text" size="20" label="DATABASE_PREFIX" default="" description="DATABASE_PREFIX_DESC" />
        <param name="database_charset" type="text" size="20" label="DATABASE_CHARSET" default="utf8" description="DATABASE_CHARSET_DESC" />

        <param name="jfusionbox" type="text" default="" label="USER_OPTIONS" description="" />
        <param name="multiusergroup" default="" type="JFusionCustomParam" label="USERGROUP_MANAGEMENT" description="ADVANCED_USERGROUP" />
        <param name="@spacer" type="spacer" default="" label="" description="" />
        <param name="update_activation" type="list" default="1" label="UPDATE_ACTIVATION" description="UPDATE_ACTIVATION_DESC">
            <option value="1">JYES</option>
            <option value="0">JNO</option>
        </param>
        <param name="update_email" type="list" default="1" label="UPDATE_EMAIL" description="UPDATE_EMAIL_DESC">
            <option value="1">JYES</option>
            <option value="0">JNO</option>
        </param>
        <param name="update_block" type="list" default="1" label="UPDATE_BLOCK" description="UPDATE_BLOCK_DESC">
            <option value="1">JYES</option>
            <option value="0">JNO</option>
        </param>
        <param name="create_inactive" type="list" default="1" label="CREATE_INACTIVE" description="CREATE_INACTIVE_DESC">
            <option value="1">JYES</option>
            <option value="0">JNO</option>
        </param>
        <param name="create_blocked" type="list" default="1" label="CREATE_BLOCKED" description="CREATE_BLOCKED_DESC">
            <option value="1">JYES</option>
            <option value="0">JNO</option>
        </param>
        <param name="@spacer" type="spacer" default="" label="" description="" />
        <param name="allow_delete_users" type="list" default="0" label="ALLOW_DELETE_USERS" description="ALLOW_DELETE_USERS_DESCR">
            <option value="1">JYES</option>
            <option value="0">JNO</option>
        </param>

        <param name="jfusionbox" type="text" default="" label="GENERAL_OPTIONS_COOKIE" description="" />
        <param name="cookie_domain" type="text" size="60" label="CURL_COOKIE_DOMAIN" default="" description="CURL_COOKIE_DOMAIN_DESC" />
        <param name="cookie_path" type="text" size="60" label="CURL_COOKIE_PATH" default="" description="CURL_COOKIE_PATH_DESC" />
        <param name="cookie_expires" type="text" size="5" label="COOKIE_EXPIRES" default="1800" description="COOKIE_EXPIRES_DESC" />
        <param name="secure" type="list" default="0" label="COOKIE_SECURE" description="COOKIE_SECURE_DESC">
            <option value="1">JYES</option>
            <option value="0">JNO</option>
        </param>
        <param name="httponly" type="list" default="0" label="COOKIE_HTTPONLY" description="COOKIE_HTTPONLY_DESC">
            <option value="1">JYES</option>
            <option value="0">JNO</option>
        </param>
	</params>
</install>
